"dependency_class","n_state_years","mean_fed_share","min_fed_share","max_fed_share"
"Low",116,0.36710596795488,0.207520027975585,0.53204345703125
"Below Average",414,0.484599554382594,0.340290675074504,0.651037144235408
"Average",432,0.591226299203751,0.461692631578947,0.764381025346358
"Above Average",386,0.692633026267591,0.555693204146322,0.876320401686325
"High",254,0.79143274828285,0.63222151526365,0.951324136542141
